Episode,Steps Taken
1,92
2,25
3,27
4,13
5,8
6,8
7,8
8,8
9,8
10,8
11,8
12,8
13,8
14,8
15,8
16,8
17,8
18,8
19,8
20,8
21,8
22,8
23,8
24,8
25,8
26,8
27,8
28,8
29,8
30,8
31,8
32,8
33,8
34,8
35,8
36,8
37,8
38,8
39,8
40,8
41,8
42,8
43,8
44,8
45,8
46,8
47,8
48,8
49,8
50,8
51,8
52,8
53,8
54,8
55,8
56,8
57,8
58,8
59,8
60,8
