Episode,Action Sequence,Total Reward,Steps Taken,Weights
1,"[1, 3, 1, 0, 2, 1, 0, 0, 2, 3, 1, 0, 0, 3, 1, 2, 1, 2, 3, 2, 1, 3, 3, 2, 3, 1, 2, 2, 1, 3, 2, 2, 0, 0, 2, 1, 3, 2, 3, 0, 1, 1, 3, 0, 2, 2, 3, 1, 3, 1, 3, 2, 0, 0, 0, 2, 2, 3, 3, 0, 3, 1, 3, 2, 1, 1, 2, 1, 2, 3, 2, 3, 0, 0, 3, 0, 3, 0, 3, 0, 1, 1, 1, 3, 2, 2, 0, 3, 3, 3, 1, 1]",-106,92,"[-0.58589438 -1.03655982 -0.80873619 -0.14254199 -0.84230402 -1.41698344
 -0.50245883 -0.50833118 -0.4499237  -0.53833926 -1.18865529 -0.72254835
 -0.95948977 -0.35474245  3.19530616 -0.669381   -0.59963055 -0.69344868
  3.29953714 -1.36720661 -1.98060688 -0.8917985  -0.80598481 -0.38160477
 -0.21969864 -0.75       -0.61789702 -0.88049882 -0.94539368 -1.08590407
 -0.94153248 -0.76842776 -0.51715664 -0.43902581 -2.00154228 -1.14362852
 -0.5780022  -1.15129579 -1.18853992 -0.60621853]"
2,"[0, 3, 2, 3, 1, 1, 0, 0, 2, 3, 1, 1, 0, 1, 0, 3, 0, 2, 1, 3, 3, 3, 1, 1, 1]",-3,25,"[-1.28629761 -1.36247769 -0.9791162  -0.14254199 -0.84230402 -2.11738666
 -0.81625165 -0.69083624 -0.4499237  -0.53833926 -1.18865529 -1.30337173
 -0.95948977 -0.35474245  6.42023912 -0.89488068 -1.10325627 -0.33969893
  6.31902237 -1.36720661 -1.98060688 -1.17071935 -0.96618581 -0.38160477
 -0.21969864 -1.18912186 -0.61789702 -0.88049882 -0.94539368 -1.08590407
 -1.0479413  -0.94437113 -0.60592845 -0.09431682 -2.00154228 -1.25003735
 -0.4980084  -1.15129579 -1.18853992 -0.60621853]"
3,"[3, 1, 0, 2, 3, 0, 1, 3, 2, 2, 0, 1, 0, 1, 0, 1, 0, 1, 3, 3, 3, 1, 0, 3, 1, 1, 1]",-5,27,"[-1.62236736 -1.99670778 -0.9791162  -0.28895933 -0.84230402 -2.62761657
 -1.27632158 -0.83725357 -0.4499237  -0.53833926 -1.38479729 -1.32884347
 -0.95948977 -0.37979223  9.47010558 -1.11649442 -1.25122308  0.3198641
  8.83224285 -1.36720661 -1.98060688 -1.34422341 -1.09561675 -0.38160477
 -0.21969864 -1.26844579 -0.84150809 -0.88049882 -0.94539368 -1.08590407
 -1.32130817 -1.09463637 -0.66660529  0.60500977 -2.00154228 -1.42723398
 -0.10579412 -1.15129579 -1.18853992 -0.60621853]"
4,"[3, 3, 0, 2, 2, 1, 3, 3, 3, 3, 1, 1, 1]",9,13,"[-1.62236736 -1.99670778 -1.46836415 -0.28895933 -0.84230402 -3.11686452
 -1.27632158 -0.83725357 -0.4499237  -0.53833926 -1.36142064 -1.32884347
 -0.95948977 -0.37979223 12.3488168  -1.09311778 -1.31240955  1.17310348
 10.91890115 -1.36720661 -1.98060688 -1.42117073 -1.22112798 -0.38160477
 -0.21969864 -1.47090434 -0.84150809 -0.88049882 -0.94539368 -1.08590407
 -1.48260753 -1.20297502 -0.63095131  1.50832806 -2.00154228 -1.53687469
  0.67318085 -1.15129579 -1.18853992 -0.60621853]"
5,"[1, 3, 3, 3, 3, 1, 1, 1]",18,8,"[-1.62236736 -1.99670778 -1.46836415 -0.28895933 -0.84230402 -3.11686452
 -1.27632158 -0.83725357 -0.4499237  -0.53833926 -1.25251248 -1.32884347
 -0.95948977 -0.37979223 15.05899026 -0.98420962 -1.2924114   2.13565739
 12.64652255 -1.36720661 -1.98060688 -1.42117073 -1.22112798 -0.38160477
 -0.21969864 -1.47090434 -0.84150809 -0.88049882 -0.94539368 -1.08590407
 -1.58271574 -1.26630329 -0.49033049  2.52443905 -2.00154228 -1.53687469
  1.66647619 -1.15129579 -1.18853992 -0.60621853]"
6,"[1, 3, 3, 3, 3, 1, 1, 1]",18,8,"[-1.62236736 -1.99670778 -1.46836415 -0.28895933 -0.84230402 -3.11686452
 -1.27632158 -0.83725357 -0.4499237  -0.53833926 -1.05569651 -1.32884347
 -0.95948977 -0.37979223 17.60056131 -0.78739364 -1.1861208   3.14511011
 14.07235027 -1.36720661 -1.98060688 -1.42117073 -1.22112798 -0.38160477
 -0.21969864 -1.47090434 -0.84150809 -0.88049882 -0.94539368 -1.08590407
 -1.69125647 -1.31592144 -0.2486064   3.59175513 -2.00154228 -1.53687469
  2.81735747 -1.15129579 -1.18853992 -0.60621853]"
7,"[1, 3, 3, 3, 3, 1, 1, 1]",18,8,"[-1.62236736 -1.99670778 -1.46836415 -0.28895933 -0.84230402 -3.11686452
 -1.27632158 -0.83725357 -0.4499237  -0.53833926 -0.77720935 -1.32884347
 -0.95948977 -0.37979223 19.97279691 -0.50890648 -0.99762123  4.15627497
 15.24492145 -1.36720661 -1.98060688 -1.42117073 -1.22112798 -0.38160477
 -0.21969864 -1.47090434 -0.84150809 -0.88049882 -0.94539368 -1.08590407
 -1.80747775 -1.34261213  0.08345482  4.66796532 -2.00154228 -1.53687469
  4.08271691 -1.15129579 -1.18853992 -0.60621853]"
8,"[1, 3, 3, 3, 3, 1, 1, 1]",18,8,"[-1.62236736 -1.99670778 -1.46836415 -0.28895933 -0.84230402 -3.11686452
 -1.27632158 -0.83725357 -0.4499237  -0.53833926 -0.42713469 -1.32884347
 -0.95948977 -0.37979223 22.17552224 -0.15883182 -0.73647288  5.13738894
 16.20538445 -1.36720661 -1.98060688 -1.42117073 -1.22112798 -0.38160477
 -0.21969864 -1.47090434 -0.84150809 -0.88049882 -0.94539368 -1.08590407
 -1.92884948 -1.33937409  0.49164316  5.72350351 -2.00154228 -1.53687469
  5.42830975 -1.15129579 -1.18853992 -0.60621853]"
9,"[1, 3, 3, 3, 3, 1, 1, 1]",18,8,"[-1.62236736e+00 -1.99670778e+00 -1.46836415e+00 -2.88959326e-01
 -8.42304019e-01 -3.11686452e+00 -1.27632158e+00 -8.37253568e-01
 -4.49923704e-01 -5.38339259e-01 -1.68125752e-02 -1.32884347e+00
 -9.59489775e-01 -3.79792231e-01  2.42097936e+01  2.51490291e-01
 -4.15087274e-01  6.06705388e+00  1.69886053e+01 -1.36720661e+00
 -1.98060688e+00 -1.42117073e+00 -1.22112798e+00 -3.81604769e-01
 -2.19698642e-01 -1.47090434e+00 -8.41508088e-01 -8.80498825e-01
 -9.45393685e-01 -1.08590407e+00 -2.05176221e+00 -1.30167710e+00
  9.60423253e-01  6.73746853e+00 -2.00154228e+00 -1.53687469e+00
  6.82583912e+00 -1.15129579e+00 -1.18853992e+00 -6.06218527e-01]"
10,"[1, 3, 3, 3, 3, 1, 1, 1]",18,8,"[-1.62236736 -1.99670778 -1.46836415 -0.28895933 -0.84230402 -3.11686452
 -1.27632158 -0.83725357 -0.4499237  -0.53833926  0.44248615 -1.32884347
 -0.95948977 -0.37979223 26.07819216  0.71078902 -0.04691881  6.93178808
 17.62410117 -1.36720661 -1.98060688 -1.42117073 -1.22112798 -0.38160477
 -0.21969864 -1.47090434 -0.84150809 -0.88049882 -0.94539368 -1.08590407
 -2.17211187 -1.22735074  1.47422078  7.69509161 -2.00154228 -1.53687469
  8.25123642 -1.15129579 -1.18853992 -0.60621853]"
11,"[1, 3, 3, 3, 3, 1, 1, 1]",18,8,"[-1.62236736 -1.99670778 -1.46836415 -0.28895933 -0.84230402 -3.11686452
 -1.27632158 -0.83725357 -0.4499237  -0.53833926  0.94017669 -1.32884347
 -0.95948977 -0.37979223 27.7848661   1.20847956  0.35473752  7.7240758
 18.13683106 -1.36720661 -1.98060688 -1.42117073 -1.22112798 -0.38160477
 -0.21969864 -1.47090434 -0.84150809 -0.88049882 -0.94539368 -1.08590407
 -2.28575599 -1.11629221  2.01819527  8.58615597 -2.00154228 -1.53687469
  9.68368969 -1.15129579 -1.18853992 -0.60621853]"
12,"[1, 3, 3, 3, 3, 1, 1, 1]",18,8,"[-1.62236736 -1.99670778 -1.46836415 -0.28895933 -0.84230402 -3.11686452
 -1.27632158 -0.83725357 -0.4499237  -0.53833926  1.4665993  -1.32884347
 -0.95948977 -0.37979223 29.33541581  1.73490217  0.77750413  8.44082213
 18.54786782 -1.36720661 -1.98060688 -1.42117073 -1.22112798 -0.38160477
 -0.21969864 -1.47090434 -0.84150809 -0.88049882 -0.94539368 -1.08590407
 -2.38884738 -0.97010099  2.57869519  9.40398565 -2.00154228 -1.53687469
 11.10511911 -1.15129579 -1.18853992 -0.60621853]"
13,"[1, 3, 3, 3, 3, 1, 1, 1]",18,8,"[-1.62236736 -1.99670778 -1.46836415 -0.28895933 -0.84230402 -3.11686452
 -1.27632158 -0.83725357 -0.4499237  -0.53833926  2.01307077 -1.32884347
 -0.95948977 -0.37979223 30.73668789  2.28137363  1.21035826  9.08213692
 18.87497098 -1.36720661 -1.98060688 -1.42117073 -1.22112798 -0.38160477
 -0.21969864 -1.47090434 -0.84150809 -0.88049882 -0.94539368 -1.08590407
 -2.4780607  -0.79170058  3.14351438 10.14476318 -2.00154228 -1.53687469
 12.49990294 -1.15129579 -1.18853992 -0.60621853]"
14,"[1, 3, 3, 3, 3, 1, 1, 1]",18,8,"[-1.62236736 -1.99670778 -1.46836415 -0.28895933 -0.84230402 -3.11686452
 -1.27632158 -0.83725357 -0.4499237  -0.53833926  2.57185281 -1.32884347
 -0.95948977 -0.37979223 31.99652543  2.84015567  1.64384269  9.65038488
 19.13307614 -1.36720661 -1.98060688 -1.42117073 -1.22112798 -0.38160477
 -0.21969864 -1.47090434 -0.84150809 -0.88049882 -0.94539368 -1.08590407
 -2.55072971 -0.58497956  3.70202093 10.80703071 -2.00154228 -1.53687469
 13.85472902 -1.15129579 -1.18853992 -0.60621853]"
15,"[1, 3, 3, 3, 3, 1, 1, 1]",18,8,"[-1.62236736 -1.99670778 -1.46836415 -0.28895933 -0.84230402 -3.11686452
 -1.27632158 -0.83725357 -0.4499237  -0.53833926  3.13609144 -1.32884347
 -0.95948977 -0.37979223 33.12350626  3.40439431  2.07012036 10.14945038
 19.3347138  -1.36720661 -1.98060688 -1.42117073 -1.22112798 -0.38160477
 -0.21969864 -1.47090434 -0.84150809 -0.88049882 -0.94539368 -1.08590407
 -2.60491343 -0.35446798  4.24520108 11.39129025 -2.00154228 -1.53687469
 15.15849657 -1.15129579 -1.18853992 -0.60621853]"
16,"[1, 3, 3, 3, 3, 1, 1, 1]",18,8,"[-1.62236736 -1.99670778 -1.46836415 -0.28895933 -0.84230402 -3.11686452
 -1.27632158 -0.83725357 -0.4499237  -0.53833926  3.6997523  -1.32884347
 -0.95948977 -0.37979223 34.12669005  3.96805517  2.48292552 10.58417451
 19.4903683  -1.36720661 -1.98060688 -1.42117073 -1.22112798 -0.38160477
 -0.21969864 -1.47090434 -0.84150809 -0.88049882 -0.94539368 -1.08590407
 -2.63940704 -0.10505568  4.76564387 11.8996576  -2.00154228 -1.53687469
 16.4022254  -1.15129579 -1.18853992 -0.60621853]"
17,"[1, 3, 3, 3, 3, 1, 1, 1]",18,8,"[-1.62236736 -1.99670778 -1.46836415 -0.28895933 -0.84230402 -3.11686452
 -1.27632158 -0.83725357 -0.4499237  -0.53833926  4.25756166 -1.32884347
 -0.95948977 -0.37979223 35.01538708  4.52586453  2.8774499  10.95992984
 19.60878562 -1.36720661 -1.98060688 -1.42117073 -1.22112798 -0.38160477
 -0.21969864 -1.47090434 -0.84150809 -0.88049882 -0.94539368 -1.08590407
 -2.65371189  0.15824579  5.25748274 12.33554793 -2.00154228 -1.53687469
 17.57895122 -1.15129579 -1.18853992 -0.60621853]"
18,"[1, 3, 3, 3, 3, 1, 1, 1]",18,8,"[-1.62236736 -1.99670778 -1.46836415 -0.28895933 -0.84230402 -3.11686452
 -1.27632158 -0.83725357 -0.4499237  -0.53833926  4.80495504 -1.32884347
 -0.95948977 -0.37979223 35.79895566  5.07325791  3.25019214 11.28230448
 19.69723732 -1.36720661 -1.98060688 -1.42117073 -1.22112798 -0.38160477
 -0.21969864 -1.47090434 -0.84150809 -0.88049882 -0.94539368 -1.08590407
 -2.64797619  0.43049878  5.7163052  12.70338437 -2.00154228 -1.53687469
 18.68359882 -1.15129579 -1.18853992 -0.60621853]"
19,"[1, 3, 3, 3, 3, 1, 1, 1]",18,8,"[-1.62236736 -1.99670778 -1.46836415 -0.28895933 -0.84230402 -3.11686452
 -1.27632158 -0.83725357 -0.4499237  -0.53833926  5.33803215 -1.32884347
 -0.95948977 -0.37979223 36.48663136  5.60633502  3.59879009 11.55687255
 19.76174701 -1.36720661 -1.98060688 -1.42117073 -1.22112798 -0.38160477
 -0.21969864 -1.47090434 -0.84150809 -0.88049882 -0.94539368 -1.08590407
 -2.62291641  0.70699529  6.13903898 13.00832834 -2.00154228 -1.53687469
 19.71283285 -1.15129579 -1.18853992 -0.60621853]"
20,"[1, 3, 3, 3, 3, 1, 1, 1]",18,8,"[-1.62236736 -1.99670778 -1.46836415 -0.28895933 -0.84230402 -3.11686452
 -1.27632158 -0.83725357 -0.4499237  -0.53833926  5.8535158  -1.32884347
 -0.95948977 -0.37979223 37.08738806  6.12181866  3.9218499  11.78903214
 19.8072843  -1.36720661 -1.98060688 -1.42117073 -1.22112798 -0.38160477
 -0.21969864 -1.47090434 -0.84150809 -0.88049882 -0.94539368 -1.08590407
 -2.57972708  0.98337593  6.52382142 13.25603319 -2.00154228 -1.53687469
 20.66489011 -1.15129579 -1.18853992 -0.60621853]"
21,"[1, 3, 3, 3, 3, 1, 1, 1]",18,8,"[-1.62236736 -1.99670778 -1.46836415 -0.28895933 -0.84230402 -3.11686452
 -1.27632158 -0.83725357 -0.4499237  -0.53833926  6.34871264 -1.32884347
 -0.95948977 -0.37979223 37.60982959  6.6170155   4.21878093 11.98389591
 19.83793102 -1.36720661 -1.98060688 -1.42117073 -1.22112798 -0.38160477
 -0.21969864 -1.47090434 -0.84150809 -0.88049882 -0.94539368 -1.08590407
 -2.51998562  1.25571595  6.86985811 13.45242409 -2.00154228 -1.53687469
 21.5393992  -1.15129579 -1.18853992 -0.60621853]"
22,"[1, 3, 3, 3, 3, 1, 1, 1]",18,8,"[-1.62236736 -1.99670778 -1.46836415 -0.28895933 -0.84230402 -3.11686452
 -1.27632158 -0.83725357 -0.4499237  -0.53833926  6.82147425 -1.32884347
 -0.95948977 -0.37979223 38.06210909  7.08977712  4.48964229 12.14622185
 19.85702322 -1.36720661 -1.98060688 -1.42117073 -1.22112798 -0.38160477
 -0.21969864 -1.47090434 -0.84150809 -0.88049882 -0.94539368 -1.08590407
 -2.44555711  1.52058199  7.17727624 13.60350612 -2.00154228 -1.53687469
 22.3371939  -1.15129579 -1.18853992 -0.60621853]"
23,"[1, 3, 3, 3, 3, 1, 1, 1]",18,8,"[-1.62236736 -1.99670778 -1.46836415 -0.28895933 -0.84230402 -3.11686452
 -1.27632158 -0.83725357 -0.4499237  -0.53833926  7.27015751 -1.32884347
 -0.95948977 -0.37979223 38.45187312  7.53846038  4.73500426 12.28037464
 19.86727249 -1.36720661 -1.98060688 -1.42117073 -1.22112798 -0.38160477
 -0.21969864 -1.47090434 -0.84150809 -0.88049882 -0.94539368 -1.08590407
 -2.35850288  1.77506326  7.44697719 13.71520209 -2.00154228 -1.53687469
 23.06012631 -1.15129579 -1.18853992 -0.60621853]"
24,"[1, 3, 3, 3, 3, 1, 1, 1]",18,8,"[-1.62236736 -1.99670778 -1.46836415 -0.28895933 -0.84230402 -3.11686452
 -1.27632158 -0.83725357 -0.4499237  -0.53833926  7.69358399 -1.32884347
 -0.95948977 -0.37979223 38.7862269   7.96188686  4.9558261  12.39030981
 19.87086927 -1.36720661 -1.98060688 -1.42117073 -1.22112798 -0.38160477
 -0.21969864 -1.47090434 -0.84150809 -0.88049882 -0.94539368 -1.08590407
 -2.2609958   2.01678119  7.68049262 13.79322021 -2.00154228 -1.53687469
 23.71088487 -1.15129579 -1.18853992 -0.60621853]"
25,"[1, 3, 3, 3, 3, 1, 1, 1]",18,8,"[-1.62236736 -1.99670778 -1.46836415 -0.28895933 -0.84230402 -3.11686452
 -1.27632158 -0.83725357 -0.4499237  -0.53833926  8.09099839 -1.32884347
 -0.95948977 -0.37979223 39.07171749  8.35930125  5.15335061 12.47957442
 19.86957075 -1.36720661 -1.98060688 -1.42117073 -1.22112798 -0.38160477
 -0.21969864 -1.47090434 -0.84150809 -0.88049882 -0.94539368 -1.08590407
 -2.15524424  2.24388097  7.87984741 13.84295068 -2.00154228 -1.53687469
 24.29282148 -1.15129579 -1.18853992 -0.60621853]"
26,"[1, 3, 3, 3, 3, 1, 1, 1]",18,8,"[-1.62236736 -1.99670778 -1.46836415 -0.28895933 -0.84230402 -3.11686452
 -1.27632158 -0.83725357 -0.4499237  -0.53833926  8.46202637 -1.32884347
 -0.95948977 -0.37979223 39.31433144  8.73032923  5.3290148  12.55131958
 19.86477534 -1.36720661 -1.98060688 -1.42117073 -1.22112798 -0.38160477
 -0.21969864 -1.47090434 -0.84150809 -0.88049882 -0.94539368 -1.08590407
 -2.043426    2.45500863  8.04743213 13.86938946 -2.00154228 -1.53687469
 24.80979088 -1.15129579 -1.18853992 -0.60621853]"
27,"[1, 3, 3, 3, 3, 1, 1, 1]",18,8,"[-1.62236736 -1.99670778 -1.46836415 -0.28895933 -0.84230402 -3.11686452
 -1.27632158 -0.83725357 -0.4499237  -0.53833926  8.80663229 -1.32884347
 -0.95948977 -0.37979223 39.51950414  9.07493515  5.48437575 12.60832093
 19.85758574 -1.36720661 -1.98060688 -1.42117073 -1.22112798 -0.38160477
 -0.21969864 -1.47090434 -0.84150809 -0.88049882 -0.94539368 -1.08590407
 -1.9276328   2.64927691  8.1858871  13.87708668 -2.00154228 -1.53687469
 25.26600456 -1.15129579 -1.18853992 -0.60621853]"
28,"[1, 3, 3, 3, 3, 1, 1, 1]",18,8,"[-1.62236736 -1.99670778 -1.46836415 -0.28895933 -0.84230402 -3.11686452
 -1.27632158 -0.83725357 -0.4499237  -0.53833926  9.12507736 -1.32884347
 -0.95948977 -0.37979223 39.69213812  9.39338022  5.62105015 12.65300418
 19.84886206 -1.36720661 -1.98060688 -1.42117073 -1.22112798 -0.38160477
 -0.21969864 -1.47090434 -0.84150809 -0.88049882 -0.94539368 -1.08590407
 -1.80982556  2.82622296  8.29799937 13.87011695 -2.00154228 -1.53687469
 25.66590037 -1.15129579 -1.18853992 -0.60621853]"
29,"[1, 3, 3, 3, 3, 1, 1, 1]",18,8,"[-1.62236736 -1.99670778 -1.46836415 -0.28895933 -0.84230402 -3.11686452
 -1.27632158 -0.83725357 -0.4499237  -0.53833926  9.41787882 -1.32884347
 -0.95948977 -0.37979223 39.83662797  9.68618169  5.74066612 12.68747362
 19.8392665  -1.36720661 -1.98060688 -1.42117073 -1.22112798 -0.38160477
 -0.21969864 -1.47090434 -0.84150809 -0.88049882 -0.94539368 -1.08590407
 -1.69180013  2.98576054  8.38661331 13.85206823 -2.00154228 -1.53687469
 26.01402859 -1.15129579 -1.18853992 -0.60621853]"
30,"[1, 3, 3, 3, 3, 1, 1, 1]",18,8,"[-1.62236736 -1.99670778 -1.46836415 -0.28895933 -0.84230402 -3.11686452
 -1.27632158 -0.83725357 -0.4499237  -0.53833926  9.68577059 -1.32884347
 -0.95948977 -0.37979223 39.95688999  9.95407345  5.84482572 12.71354174
 19.8293008  -1.36720661 -1.98060688 -1.42117073 -1.22112798 -0.38160477
 -0.21969864 -1.47090434 -0.84150809 -0.88049882 -0.94539368 -1.08590407
 -1.57516287  3.12812927  8.454555   13.82604625 -2.00154228 -1.53687469
 26.31495431 -1.15129579 -1.18853992 -0.60621853]"
31,"[1, 3, 3, 3, 3, 1, 1, 1]",18,8,"[-1.62236736 -1.99670778 -1.46836415 -0.28895933 -0.84230402 -3.11686452
 -1.27632158 -0.83725357 -0.4499237  -0.53833926  9.92966582 -1.32884347
 -0.95948977 -0.37979223 40.05639477 10.19796869  5.93507665 12.73275898
 19.81933741 -1.36720661 -1.98060688 -1.42117073 -1.22112798 -0.38160477
 -0.21969864 -1.47090434 -0.84150809 -0.88049882 -0.94539368 -1.08590407
 -1.4613153   3.25384278  8.50457026 13.79469134 -2.00154228 -1.53687469
 26.57317573 -1.15129579 -1.18853992 -0.60621853]"
32,"[1, 3, 3, 3, 3, 1, 1, 1]",18,8,"[-1.62236736 -1.99670778 -1.46836415 -0.28895933 -0.84230402 -3.11686452
 -1.27632158 -0.83725357 -0.4499237  -0.53833926 10.15062181 -1.32884347
 -0.95948977 -0.37979223 40.13820146 10.41892467  6.01289169 12.74644253
 19.80964551 -1.36720661 -1.98060688 -1.42117073 -1.22112798 -0.38160477
 -0.21969864 -1.47090434 -0.84150809 -0.88049882 -0.94539368 -1.08590407
 -1.35144687  3.36363768  8.53927547 13.76020464 -2.00154228 -1.53687469
 26.79305758 -1.15129579 -1.18853992 -0.60621853]"
33,"[1, 3, 3, 3, 3, 1, 1, 1]",18,8,"[-1.62236736 -1.99670778 -1.46836415 -0.28895933 -0.84230402 -3.11686452
 -1.27632158 -0.83725357 -0.4499237  -0.53833926 10.34980728 -1.32884347
 -0.95948977 -0.37979223 40.20499262 10.61811015  6.07965466 12.75570383
 19.8004124  -1.36720661 -1.98060688 -1.42117073 -1.22112798 -0.38160477
 -0.21969864 -1.47090434 -0.84150809 -0.88049882 -0.94539368 -1.08590407
 -1.24653461  3.45842467  8.56112042 13.72438125 -2.00154228 -1.53687469
 26.97877839 -1.15129579 -1.18853992 -0.60621853]"
34,"[1, 3, 3, 3, 3, 1, 1, 1]",18,8,"[-1.62236736 -1.99670778 -1.46836415 -0.28895933 -0.84230402 -3.11686452
 -1.27632158 -0.83725357 -0.4499237  -0.53833926 10.52847258 -1.32884347
 -0.95948977 -0.37979223 40.25910865 10.79677544  6.13665159 12.76147409
 19.79176125 -1.36720661 -1.98060688 -1.42117073 -1.22112798 -0.38160477
 -0.21969864 -1.47090434 -0.84150809 -0.88049882 -0.94539368 -1.08590407
 -1.14734877  3.53924276  8.57236209 13.68864785 -2.00154228 -1.53687469
 27.13429059 -1.15129579 -1.18853992 -0.60621853]"
35,"[1, 3, 3, 3, 3, 1, 1, 1]",18,8,"[-1.62236736 -1.99670778 -1.46836415 -0.28895933 -0.84230402 -3.11686452
 -1.27632158 -0.83725357 -0.4499237  -0.53833926 10.68792252 -1.32884347
 -0.95948977 -0.37979223 40.30258136 10.95622538  6.18506622 12.76452789
 19.78376552 -1.36720661 -1.98060688 -1.42117073 -1.22112798 -0.38160477
 -0.21969864 -1.47090434 -0.84150809 -0.88049882 -0.94539368 -1.08590407
 -1.05446304  3.60721759  8.57504797 13.65410275 -2.00154228 -1.53687469
 27.26329193 -1.15129579 -1.18853992 -0.60621853]"
36,"[1, 3, 3, 3, 3, 1, 1, 1]",18,8,"[-1.62236736 -1.99670778 -1.46836415 -0.28895933 -0.84230402 -3.11686452
 -1.27632158 -0.83725357 -0.4499237  -0.53833926 10.82949223 -1.32884347
 -0.95948977 -0.37979223 40.33716594 11.0977951   6.22597883 12.76550465
 19.77646074 -1.36720661 -1.98060688 -1.42117073 -1.22112798 -0.38160477
 -0.21969864 -1.47090434 -0.84150809 -0.88049882 -0.94539368 -1.08590407
 -0.96826859  3.66352413  8.57100775 13.62155686 -2.00154228 -1.53687469
 27.36920681 -1.15129579 -1.18853992 -0.60621853]"
37,"[1, 3, 3, 3, 3, 1, 1, 1]",18,8,"[-1.62236736 -1.99670778 -1.46836415 -0.28895933 -0.84230402 -3.11686452
 -1.27632158 -0.83725357 -0.4499237  -0.53833926 10.95452579 -1.32884347
 -0.95948977 -0.37979223 40.36437126 11.22282866  6.26036765 12.76492783
 19.76985406 -1.36720661 -1.98060688 -1.42117073 -1.22112798 -0.38160477
 -0.21969864 -1.47090434 -0.84150809 -0.88049882 -0.94539368 -1.08590407
 -0.88899064  3.70935429  8.56185204 13.59157399 -2.00154228 -1.53687469
 27.45517633 -1.15129579 -1.18853992 -0.60621853]"
38,"[1, 3, 3, 3, 3, 1, 1, 1]",18,8,"[-1.62236736 -1.99670778 -1.46836415 -0.28895933 -0.84230402 -3.11686452
 -1.27632158 -0.83725357 -0.4499237  -0.53833926 11.06435769 -1.32884347
 -0.95948977 -0.37979223 40.38548803 11.33266056  6.28911219 12.76322221
 19.76393191 -1.36720661 -1.98060688 -1.42117073 -1.22112798 -0.38160477
 -0.21969864 -1.47090434 -0.84150809 -0.88049882 -0.94539368 -1.08590407
 -0.81670686  3.74588927  8.5489768  13.56450967 -2.00154228 -1.53687469
 27.52405553 -1.15129579 -1.18853992 -0.60621853]"
39,"[1, 3, 3, 3, 3, 1, 1, 1]",18,8,"[-1.62236736 -1.99670778 -1.46836415 -0.28895933 -0.84230402 -3.11686452
 -1.27632158 -0.83725357 -0.4499237  -0.53833926 11.16029702 -1.32884347
 -0.95948977 -0.37979223 40.40161486 11.42859989  6.31299804 12.76072908
 19.75866602 -1.36720661 -1.98060688 -1.42117073 -1.22112798 -0.38160477
 -0.21969864 -1.47090434 -0.84150809 -0.88049882 -0.94539368 -1.08590407
 -0.75136662  3.77427681  8.53357233 13.54054742 -2.00154228 -1.53687469
 27.5784166  -1.15129579 -1.18853992 -0.60621853]"
40,"[1, 3, 3, 3, 3, 1, 1, 1]",18,8,"[-1.62236736 -1.99670778 -1.46836415 -0.28895933 -0.84230402 -3.11686452
 -1.27632158 -0.83725357 -0.4499237  -0.53833926 11.24361424 -1.32884347
 -0.95948977 -0.37979223 40.41368208 11.5119171   6.33272254 12.75771954
 19.75401827 -1.36720661 -1.98060688 -1.42117073 -1.22112798 -0.38160477
 -0.21969864 -1.47090434 -0.84150809 -0.88049882 -0.94539368 -1.08590407
 -0.6928105   3.79561296  8.51663575 13.51973221 -2.00154228 -1.53687469
 27.62055707 -1.15129579 -1.18853992 -0.60621853]"
41,"[np.int64(1), np.int64(3), np.int64(3), np.int64(3), np.int64(3), np.int64(1), np.int64(1), np.int64(1)]",18,8,"[-1.62236736 -1.99670778 -1.46836415 -0.28895933 -0.84230402 -3.11686452
 -1.27632158 -0.83725357 -0.4499237  -0.53833926 11.31553032 -1.32884347
 -0.95948977 -0.37979223 40.42247339 11.58383319  6.34890106 12.75440617
 19.74994443 -1.36720661 -1.98060688 -1.42117073 -1.22112798 -0.38160477
 -0.21969864 -1.47090434 -0.84150809 -0.88049882 -0.94539368 -1.08590407
 -0.64078953  3.81092817  8.49898584 13.5020005  -2.00154228 -1.53687469
 27.65251163 -1.15129579 -1.18853992 -0.60621853]"
42,"[np.int64(1), np.int64(3), np.int64(3), np.int64(3), np.int64(3), np.int64(1), np.int64(1), np.int64(1)]",18,8,"[-1.62236736 -1.99670778 -1.46836415 -0.28895933 -0.84230402 -3.11686452
 -1.27632158 -0.83725357 -0.4499237  -0.53833926 11.37720828 -1.32884347
 -0.95948977 -0.37979223 40.42864539 11.64551114  6.36207363 12.75095305
 19.74639698 -1.36720661 -1.98060688 -1.42117073 -1.22112798 -0.38160477
 -0.21969864 -1.47090434 -0.84150809 -0.88049882 -0.94539368 -1.08590407
 -0.59498347  3.82117727  8.48127953 13.4872069  -2.00154228 -1.53687469
 27.67606688 -1.15129579 -1.18853992 -0.60621853]"
43,"[np.int64(1), np.int64(3), np.int64(3), np.int64(3), np.int64(3), np.int64(1), np.int64(1), np.int64(1)]",18,8,"[-1.62236736 -1.99670778 -1.46836415 -0.28895933 -0.84230402 -3.11686452
 -1.27632158 -0.83725357 -0.4499237  -0.53833926 11.42974662 -1.32884347
 -0.95948977 -0.37979223 40.43274505 11.69804949  6.37271157 12.74748444
 19.74332732 -1.36720661 -1.98060688 -1.42117073 -1.22112798 -0.38160477
 -0.21969864 -1.47090434 -0.84150809 -0.88049882 -0.94539368 -1.08590407
 -0.55501803  3.82723293  8.46402921 13.47514728 -2.00154228 -1.53687469
 27.69277806 -1.15129579 -1.18853992 -0.60621853]"
44,"[np.int64(1), np.int64(3), np.int64(3), np.int64(3), np.int64(3), np.int64(1), np.int64(1), np.int64(1)]",18,8,"[-1.62236736 -1.99670778 -1.46836415 -0.28895933 -0.84230402 -3.11686452
 -1.27632158 -0.83725357 -0.4499237  -0.53833926 11.47417481 -1.32884347
 -0.95948977 -0.37979223 40.43522523 11.74247768  6.38122406 12.7440921
 19.74068735 -1.36720661 -1.98060688 -1.42117073 -1.22112798 -0.38160477
 -0.21969864 -1.47090434 -0.84150809 -0.88049882 -0.94539368 -1.08590407
 -0.52048055  3.8298822   8.44762024 13.46557846 -2.00154228 -1.53687469
 27.70398701 -1.15129579 -1.18853992 -0.60621853]"
45,"[np.int64(1), np.int64(3), np.int64(3), np.int64(3), np.int64(3), np.int64(1), np.int64(1), np.int64(1)]",18,8,"[-1.62236736 -1.99670778 -1.46836415 -0.28895933 -0.84230402 -3.11686452
 -1.27632158 -0.83725357 -0.4499237  -0.53833926 11.51145031 -1.32884347
 -0.95948977 -0.37979223 40.43645845 11.77975318  6.3879645  12.74084159
 19.73843063 -1.36720661 -1.98060688 -1.42117073 -1.22112798 -0.38160477
 -0.21969864 -1.47090434 -0.84150809 -0.88049882 -0.94539368 -1.08590407
 -0.49093417  3.8298256   8.43232814 13.45823464 -2.00154228 -1.53687469
 27.71084087 -1.15129579 -1.18853992 -0.60621853]"
46,"[np.int64(1), np.int64(3), np.int64(3), np.int64(3), np.int64(3), np.int64(1), np.int64(1), np.int64(1)]",18,8,"[-1.62236736 -1.99670778 -1.46836415 -0.28895933 -0.84230402 -3.11686452
 -1.27632158 -0.83725357 -0.4499237  -0.53833926 11.54245719 -1.32884347
 -0.95948977 -0.37979223 40.43674896 11.81076006  6.39323657 12.73777753
 19.73651315 -1.36720661 -1.98060688 -1.42117073 -1.22112798 -0.38160477
 -0.21969864 -1.47090434 -0.84150809 -0.88049882 -0.94539368 -1.08590407
 -0.4659302   3.82767839  8.41833514 13.45284085 -2.00154228 -1.53687469
 27.71431083 -1.15129579 -1.18853992 -0.60621853]"
47,"[np.int64(1), np.int64(3), np.int64(3), np.int64(3), np.int64(3), np.int64(1), np.int64(1), np.int64(1)]",18,8,"[-1.62236736 -1.99670778 -1.46836415 -0.28895933 -0.84230402 -3.11686452
 -1.27632158 -0.83725357 -0.4499237  -0.53833926 11.56800599 -1.32884347
 -0.95948977 -0.37979223 40.43634337 11.83630885  6.39729981 12.73492799
 19.73489384 -1.36720661 -1.98060688 -1.42117073 -1.22112798 -0.38160477
 -0.21969864 -1.47090434 -0.84150809 -0.88049882 -0.94539368 -1.08590407
 -0.44501875  3.82397354  8.40574562 13.44912358 -2.00154228 -1.53687469
 27.71521064 -1.15129579 -1.18853992 -0.60621853]"
48,"[np.int64(1), np.int64(3), np.int64(3), np.int64(3), np.int64(3), np.int64(1), np.int64(1), np.int64(1)]",18,8,"[-1.62236736 -1.99670778 -1.46836415 -0.28895933 -0.84230402 -3.11686452
 -1.27632158 -0.83725357 -0.4499237  -0.53833926 11.58883467 -1.32884347
 -0.95948977 -0.37979223 40.43543977 11.85713753  6.40037497 12.73230818
 19.73353489 -1.36720661 -1.98060688 -1.42117073 -1.22112798 -0.38160477
 -0.21969864 -1.47090434 -0.84150809 -0.88049882 -0.94539368 -1.08590407
 -0.42775767  3.81916609  8.3946005  13.446819   -2.00154228 -1.53687469
 27.71421457 -1.15129579 -1.18853992 -0.60621853]"
49,"[np.int64(1), np.int64(3), np.int64(3), np.int64(3), np.int64(3), np.int64(1), np.int64(1), np.int64(1)]",18,8,"[-1.62236736 -1.99670778 -1.46836415 -0.28895933 -0.84230402 -3.11686452
 -1.27632158 -0.83725357 -0.4499237  -0.53833926 11.60561052 -1.32884347
 -0.95948977 -0.37979223 40.43419575 11.87391338  6.40264873 12.72992346
 19.73240183 -1.36720661 -1.98060688 -1.42117073 -1.22112798 -0.38160477
 -0.21969864 -1.47090434 -0.84150809 -0.88049882 -0.94539368 -1.08590407
 -0.41371982  3.81363846  8.38489011 13.44567898 -2.00154228 -1.53687469
 27.71187439 -1.15129579 -1.18853992 -0.60621853]"
50,"[np.int64(1), np.int64(3), np.int64(3), np.int64(3), np.int64(3), np.int64(1), np.int64(1), np.int64(1)]",18,8,"[-1.62236736 -1.99670778 -1.46836415 -0.28895933 -0.84230402 -3.11686452
 -1.27632158 -0.83725357 -0.4499237  -0.53833926 11.6189328  -1.32884347
 -0.95948977 -0.37979223 40.43273525 11.88723567  6.40427815 12.72777181
 19.73146356 -1.36720661 -1.98060688 -1.42117073 -1.22112798 -0.38160477
 -0.21969864 -1.47090434 -0.84150809 -0.88049882 -0.94539368 -1.08590407
 -0.40249877  3.80770642  8.37656581 13.44547527 -2.00154228 -1.53687469
 27.70863539 -1.15129579 -1.18853992 -0.60621853]"
51,"[np.int64(1), np.int64(3), np.int64(3), np.int64(3), np.int64(3), np.int64(1), np.int64(1), np.int64(1)]",18,8,"[-1.62236736 -1.99670778 -1.46836415 -0.28895933 -0.84230402 -3.11686452
 -1.27632158 -0.83725357 -0.4499237  -0.53833926 11.62933597 -1.32884347
 -0.95948977 -0.37979223 40.43115442 11.89763884  6.4053946  12.72584585
 19.73069225 -1.36720661 -1.98060688 -1.42117073 -1.22112798 -0.38160477
 -0.21969864 -1.47090434 -0.84150809 -0.88049882 -0.94539368 -1.08590407
 -0.39371312  3.80162553  8.36955    13.44600214 -2.00154228 -1.53687469
 27.7048512  -1.15129579 -1.18853992 -0.60621853]"
52,"[np.int64(1), np.int64(3), np.int64(3), np.int64(3), np.int64(3), np.int64(1), np.int64(1), np.int64(1)]",18,8,"[-1.62236736 -1.99670778 -1.46836415 -0.28895933 -0.84230402 -3.11686452
 -1.27632158 -0.83725357 -0.4499237  -0.53833926 11.63729339 -1.32884347
 -0.95948977 -0.37979223 40.4295266  11.90559626  6.40610728 12.72413442
 19.73006318 -1.36720661 -1.98060688 -1.42117073 -1.22112798 -0.38160477
 -0.21969864 -1.47090434 -0.84150809 -0.88049882 -0.94539368 -1.08590407
 -0.38700947  3.79559763  8.36374488 13.44707766 -2.00154228 -1.53687469
 27.70079735 -1.15129579 -1.18853992 -0.60621853]"
53,"[np.int64(1), np.int64(3), np.int64(3), np.int64(3), np.int64(3), np.int64(1), np.int64(1), np.int64(1)]",18,8,"[-1.62236736 -1.99670778 -1.46836415 -0.28895933 -0.84230402 -3.11686452
 -1.27632158 -0.83725357 -0.4499237  -0.53833926 11.64322131 -1.32884347
 -0.95948977 -0.37979223 40.42790664 11.91152418  6.40650644 12.7226239
 19.72955458 -1.36720661 -1.98060688 -1.42117073 -1.22112798 -0.38160477
 -0.21969864 -1.47090434 -0.84150809 -0.88049882 -0.94539368 -1.08590407
 -0.38206433  3.7897774   8.3590398  13.44854401 -2.00154228 -1.53687469
 27.69668354 -1.15129579 -1.18853992 -0.60621853]"
54,"[np.int64(1), np.int64(3), np.int64(3), np.int64(3), np.int64(3), np.int64(1), np.int64(1), np.int64(1)]",18,8,"[-1.62236736 -1.99670778 -1.46836415 -0.28895933 -0.84230402 -3.11686452
 -1.27632158 -0.83725357 -0.4499237  -0.53833926 11.64748308 -1.32884347
 -0.95948977 -0.37979223 40.42633439 11.91578595  6.4066661  12.72129919
 19.72914738 -1.36720661 -1.98060688 -1.42117073 -1.22112798 -0.38160477
 -0.21969864 -1.47090434 -0.84150809 -0.88049882 -0.94539368 -1.08590407
 -0.37858498  3.78427872  8.35531731 13.45026692 -2.00154228 -1.53687469
 27.69266462 -1.15129579 -1.18853992 -0.60621853]"
55,"[np.int64(1), np.int64(3), np.int64(3), np.int64(3), np.int64(3), np.int64(1), np.int64(1), np.int64(1)]",18,8,"[-1.62236736 -1.99670778 -1.46836415 -0.28895933 -0.84230402 -3.11686452
 -1.27632158 -0.83725357 -0.4499237  -0.53833926 11.65039348 -1.32884347
 -0.95948977 -0.37979223 40.42483774 11.91869634  6.40664656 12.72014448
 19.72882498 -1.36720661 -1.98060688 -1.42117073 -1.22112798 -0.38160477
 -0.21969864 -1.47090434 -0.84150809 -0.88049882 -0.94539368 -1.08590407
 -0.37630958  3.77918065  8.35245812 13.45213453 -2.00154228 -1.53687469
 27.68885037 -1.15129579 -1.18853992 -0.60621853]"
56,"[np.int64(1), np.int64(3), np.int64(3), np.int64(3), np.int64(3), np.int64(1), np.int64(1), np.int64(1)]",18,8,"[-1.62236736 -1.99670778 -1.46836415 -0.28895933 -0.84230402 -3.11686452
 -1.27632158 -0.83725357 -0.4499237  -0.53833926 11.65222301 -1.32884347
 -0.95948977 -0.37979223 40.42343513 11.92052588  6.40649651 12.71914387
 19.72857303 -1.36720661 -1.98060688 -1.42117073 -1.22112798 -0.38160477
 -0.21969864 -1.47090434 -0.84150809 -0.88049882 -0.94539368 -1.08590407
 -0.37500651  3.7745331   8.35034497 13.45405582 -2.00154228 -1.53687469
 27.68531403 -1.15129579 -1.18853992 -0.60621853]"
57,"[np.int64(1), np.int64(3), np.int64(3), np.int64(3), np.int64(3), np.int64(1), np.int64(1), np.int64(1)]",18,8,"[-1.62236736 -1.99670778 -1.46836415 -0.28895933 -0.84230402 -3.11686452
 -1.27632158 -0.83725357 -0.4499237  -0.53833926 11.65320219 -1.32884347
 -0.95948977 -0.37979223 40.42213761 11.92150506  6.40625493 12.71828174
 19.72837921 -1.36720661 -1.98060688 -1.42117073 -1.22112798 -0.38160477
 -0.21969864 -1.47090434 -0.84150809 -0.88049882 -0.94539368 -1.08590407
 -0.37447328  3.770362    8.34886562 13.4559587  -2.00154228 -1.53687469
 27.68209969 -1.15129579 -1.18853992 -0.60621853]"
58,"[np.int64(1), np.int64(3), np.int64(3), np.int64(3), np.int64(3), np.int64(1), np.int64(1), np.int64(1)]",18,8,"[-1.62236736 -1.99670778 -1.46836415 -0.28895933 -0.84230402 -3.11686452
 -1.27632158 -0.83725357 -0.4499237  -0.53833926 11.65352567 -1.32884347
 -0.95948977 -0.37979223 40.42095052 11.92182854  6.40595266 12.71754315
 19.72823299 -1.36720661 -1.98060688 -1.42117073 -1.22112798 -0.38160477
 -0.21969864 -1.47090434 -0.84150809 -0.88049882 -0.94539368 -1.08590407
 -0.37453491  3.76667398  8.34791495 13.45778798 -2.00154228 -1.53687469
 27.67922866 -1.15129579 -1.18853992 -0.60621853]"
59,"[np.int64(1), np.int64(3), np.int64(3), np.int64(3), np.int64(3), np.int64(1), np.int64(1), np.int64(1)]",18,8,"[-1.62236736 -1.99670778 -1.46836415 -0.28895933 -0.84230402 -3.11686452
 -1.27632158 -0.83725357 -0.4499237  -0.53833926 11.6533562  -1.32884347
 -0.95948977 -0.37979223 40.41987491 11.92165906  6.40561383 12.71691395
 19.72812541 -1.36720661 -1.98060688 -1.42117073 -1.22112798 -0.38160477
 -0.21969864 -1.47090434 -0.84150809 -0.88049882 -0.94539368 -1.08590407
 -0.37504212  3.76346058  8.34739646 13.45950328 -2.00154228 -1.53687469
 27.67670486 -1.15129579 -1.18853992 -0.60621853]"
60,"[np.int64(1), np.int64(3), np.int64(3), np.int64(3), np.int64(3), np.int64(1), np.int64(1), np.int64(1)]",18,8,"[-1.62236736 -1.99670778 -1.46836415 -0.28895933 -0.84230402 -3.11686452
 -1.27632158 -0.83725357 -0.4499237  -0.53833926 11.65282838 -1.32884347
 -0.95948977 -0.37979223 40.41890868 11.92113124  6.40525701 12.71638102
 19.72804893 -1.36720661 -1.98060688 -1.42117073 -1.22112798 -0.38160477
 -0.21969864 -1.47090434 -0.84150809 -0.88049882 -0.94539368 -1.08590407
 -0.37586919  3.76070185  8.34722315 13.4610769  -2.00154228 -1.53687469
 27.67451937 -1.15129579 -1.18853992 -0.60621853]"
